"","cluster","p","padj","nseqs","CD154.Subjects","Peripheral.Subjects","CD154.nSeq","Peripheral.nSeq","Consensus","vConsensus","clusters_final"
"1",18505,2.37472361027943e-10,2.69399069557512e-07,8,2,1,3,5,"CASSQEGDNEQFF","TRBV6-1*01",1
"2",12445,2.62664053026295e-08,1.41894109848415e-06,2,1,0,2,0,"CASSAYGVDEQYF","TRBV9*01",1
"5",61006,2.62664053026295e-08,1.41894109848415e-06,2,1,0,2,0,"CASSYGQGVIHEQFF","TRBV6-5*01",1
"8",75744,2.62664053026295e-08,1.41894109848415e-06,2,1,0,2,0,"CASSAQRLDYEQYF","TRBV7-9*01",1
"11",88412,2.62664053026295e-08,1.41894109848415e-06,2,1,0,2,0,"CSAKSPPSYNEQFF","TRBV2*01",1
"12",94638,2.62664053026295e-08,1.41894109848415e-06,2,1,0,2,0,"CASSWGVDVGELFF","TRBV5-1*01",1
"14",105227,2.62664053026295e-08,1.41894109848415e-06,2,1,0,2,0,"CASSLGFHTGELFF","TRBV5-1*01",1
"18",159859,2.62664053026295e-08,1.41894109848415e-06,2,1,0,2,0,"CASSYQGGEPFLYEQYF","TRBV6-1*01",1
"20",168567,2.62664053026295e-08,1.41894109848415e-06,2,1,0,2,0,"CASSREGAVQYF","TRBV7-9*01",1
"25",140779,4.01184147842984e-06,0.00018204836248275,18,1,1,2,16,"CASTIGGAPPYNEQFF","TRBV19*01",1
"26",145159,4.98095257811868e-06,0.000217331201156463,20,1,2,2,18,"CSARGGSSGRSYEQYF","TRBV20-1*01",1
"29",62577,7.82353301512632e-05,0.00306046870523947,78,1,4,2,76,"CASSL?GT?G?EQFF",NA,1
"30",6051,0.000324463320955617,0.00920213581831302,2,1,1,1,1,"CASSQLTGQSKYF","TRBV14*01",1
"31",16810,0.000324463320955617,0.00920213581831302,2,1,1,1,1,"CASSLATGGEAFF","TRBV5-1*01",1
"32",39329,0.000324463320955617,0.00920213581831302,2,1,1,1,1,"CASSPRDRGGDEQFF",NA,1
"33",56184,0.000324463320955617,0.00920213581831302,2,1,1,1,1,"CA?SRGS?DSYEQYF",NA,1
"36",112314,0.000244689157713403,0.00920213581831302,138,1,4,2,136,"CASS?RDSSYEQYF",NA,1
"38",140229,0.000324463320955617,0.00920213581831302,2,1,1,1,1,"CASSQDRWG?NTEAFF",NA,1
"39",176549,0.000324463320955617,0.00920213581831302,2,1,1,1,1,"CASSQGGPEAFF","TRBV3-1*01",1
"40",189037,0.000324463320955617,0.00920213581831302,2,1,1,1,1,"CASSLRTSGSQGVYNEQFF","TRBV27*01",1
"41",5864,0.000486655586068614,0.0119858516183279,3,1,1,1,2,"CASSPWTSSEAFF","TRBV4-1*01",1
"42",16750,0.000486655586068614,0.0119858516183279,3,1,1,1,2,"CASRGHLTYEQYF","TRBV2*01",1
"45",68518,0.000486655586068614,0.0119858516183279,3,1,1,1,2,"CASSSLGTRSYEQYF","TRBV4-1*01",1
"46",112193,0.000496573722055791,0.0119858516183279,197,1,4,2,195,"CASSRGG?NEKLFF",NA,1
"47",175522,0.000486655586068614,0.0119858516183279,3,1,1,1,2,"CASSFGVGEQFF","TRBV7-6*01",1
"48",16238,0.000648821593261908,0.0138877678050268,4,1,1,1,3,"CASSELRYTEAFF","TRBV2*01",1
"49",66692,0.000648821593261908,0.0138877678050268,4,1,1,1,3,"CASSLVLTVYNEQFF","TRBV6-5*01",1
"50",97394,0.000648821593261908,0.0138877678050268,4,1,1,1,3,"CASSEDPGGNEQFF",NA,1
"51",156330,0.000648821593261908,0.0138877678050268,4,1,1,1,3,"CASSPPRQAGGNNEQFF","TRBV18*01",1
"55",177377,0.000810961346777274,0.0161401780129908,5,1,2,1,4,"CSVQQGGYEQYF","TRBV20-1*01",1
"56",187556,0.000810961346777274,0.0161401780129908,5,1,1,1,4,"CASSLGYKTSGSYNEQFF","TRBV11-2*01",1
"57",64794,0.000973074850855802,0.0167257397166854,6,1,2,1,5,"CASSSRTGMYNEQFF",NA,1
"59",116617,0.000973074850855802,0.0167257397166854,6,1,1,1,5,"CASRSSSLSSYNEQFF","TRBV7-3*01",1
"64",176735,0.000973074850855802,0.0167257397166854,6,1,1,1,5,"CASRPGTGELFF","TRBV7-6*01",1
"65",195556,0.000973074850855802,0.0167257397166854,6,1,1,1,5,"CASSFDGEQYF","TRBV18*01",1
"66",109492,0.0011351621097379,0.0183968246022744,7,1,1,1,6,"CASSKGIGEETQYF","TRBV2*01",1
"68",171839,0.0011351621097379,0.0183968246022744,7,1,1,1,6,"CSAPGTSYEQFF","TRBV20-1*01",1
"69",177277,0.0011351621097379,0.0183968246022744,7,1,1,1,6,"CASSLQVTEQFF","TRBV7-9*01",1
"71",65732,0.00129722312766329,0.0198868493800555,8,1,1,1,7,"CSAIRGLAGVYEQYF","TRBV20-1*01",1
"73",147134,0.00129722312766329,0.0198868493800555,8,1,2,1,7,"CASSSLTSGSSYEQYF","TRBV7-9*01",1
"74",136067,0.00145925790887101,0.0217821871316434,9,1,1,1,8,"CSARDLIGGGGPEAFF","TRBV20-1*01",1
"76",164315,0.00162126645759942,0.0238861796183085,10,1,1,1,9,"CASSLWVLAGGPGEQYF","TRBV28*01",1
"80",61745,0.00194520487456833,0.0256596022002384,12,1,2,1,11,"CASSLTSRASYEQYF","TRBV5-1*01",1
"81",66029,0.00194520487456833,0.0256596022002384,12,1,1,1,11,"CSARASSGSSYEQYF","TRBV20-1*01",1
"85",39023,0.00210713475128212,0.0271639335095327,13,1,1,1,12,"CASSPPGTRGSEQYF","TRBV18*01",1
"86",15389,0.00226903841246319,0.0279793127000683,14,1,2,1,13,"CASSYGVAETQYF","TRBV6-5*01",1
"87",28824,0.00226903841246319,0.0279793127000683,14,1,1,1,13,"CASRRGIGMNTEAFF","TRBV4-1*01",1
"88",41562,0.00226903841246319,0.0279793127000683,14,1,1,1,13,"CASSRNGPQGNEQFF","TRBV19*01",1
"91",71427,0.00243091586234649,0.0290288173971265,15,1,1,1,14,"CAISVTGIDNEQFF","TRBV10-3*01",1
"92",145258,0.00243091586234649,0.0290288173971265,15,1,3,1,14,"CASSLAGGGSSYEQYF","TRBV7-6*01",1
"93",22366,0.00259276710516627,0.0303231835732434,16,1,3,1,15,"CASSFGQGGEQYF",NA,1
"98",66041,0.0030781636335769,0.0345742963722994,19,1,3,1,18,"CASSFLAGG?NEQFF",NA,1
"99",195272,0.00323991009047158,0.0360342766051676,20,1,2,1,19,"CASSEGGEAFF",NA,1
"101",195546,0.00340163036146379,0.0371053729559119,21,1,3,1,20,"CASSLWGEQYF","TRBV7-9*01",1
"102",176240,0.00345380427307308,0.0373156872645452,528,2,4,2,526,"CASSL?GETQYF",NA,1
"105",44328,0.00388663410132397,0.0400833483440041,24,1,1,1,23,"CASSWTSRSNTEAFF","TRBV6-5*01",1
"108",5314,0.00404824967100122,0.0410045724442939,25,1,1,1,24,"CASSNTGTGLAFF","TRBV19*01",1
"110",66106,0.00420983907592002,0.0414929796445946,26,1,3,1,25,"CASSSLAGVSYEQYF",NA,1
"111",103840,0.00420983907592002,0.0414929796445946,26,1,1,1,25,"CASRRGLLGVEQYF","TRBV6-2*01",1
"113",130205,0.00437140232030713,0.0423855612226121,27,1,1,1,26,"CASSTDRGPLNTEAFF","TRBV5-4*01",1
"114",61041,0.00453293940838863,0.0432131548403289,28,1,2,1,27,"CASSLGQGGAEKLFF",NA,1
"116",176684,0.00485593513253571,0.0459065496041321,30,1,3,1,29,"CASSPGVGKLFF","TRBV6-1*01",1
"118",134560,0.00534023265207698,0.0496573304556891,33,1,1,1,32,"CATSTRPGTGGYEQYF","TRBV15*01",1
"3",31712,2.62664053026295e-08,1.41894109848415e-06,2,1,0,2,0,"CASSEYEDLRGGYTF","TRBV2*01",2
"13",95655,2.62664053026295e-08,1.41894109848415e-06,2,1,0,2,0,"CASRPTTGESGYTF","TRBV27*01",2
"53",194566,0.000648821593261908,0.0138877678050268,4,1,1,1,3,"CSALVGMGYTF","TRBV29-1*01",2
"63",173489,0.000973074850855802,0.0167257397166854,6,1,1,1,5,"CASSPVVGGYTF","TRBV5-4*01",2
"78",79057,0.0017832487780862,0.0254890417068333,11,1,1,1,10,"CASSLDVGAAGYTF","TRBV5-5*01",2
"104",108926,0.00372499236266084,0.0394934096698485,23,1,1,1,22,"CASSPLDRGNGYTF","TRBV5-4*01",2
"107",113320,0.00388663410132397,0.0400833483440041,24,1,2,1,23,"CASSPWT?NYGYTF","TRBV19*01",2
"115",127134,0.00453293940838863,0.0432131548403289,28,1,1,1,27,"CASSQDHGGRDYGYTF","TRBV4-3*01",2
"117",53249,0.00517882628215624,0.0485544450004928,32,1,1,1,31,"CSVSAGARDGYGYTF","TRBV29-1*01",2
"7",72303,2.62664053026295e-08,1.41894109848415e-06,2,1,0,2,0,"CASGSDRPGNTIYF","TRBV7-9*01",3
"16",128543,2.62664053026295e-08,1.41894109848415e-06,2,1,0,2,0,"CASSRPLKEGEETQYF","TRBV6-1*01",3
"19",160734,2.62664053026295e-08,1.41894109848415e-06,2,1,0,2,0,"CASTTGGGMGSQETQYF","TRBV5-1*01",3
"54",25325,0.000810961346777274,0.0161401780129908,5,1,1,1,4,"CASAPGGGPRNTIYF","TRBV4-1*01",3
"72",129108,0.00129722312766329,0.0198868493800555,8,1,1,1,7,"CASSSGPYQGSDTQYF","TRBV5-4*01",3
"89",147559,0.00226903841246319,0.0279793127000683,14,1,2,1,13,"CASSSPGTSGSDTQYF","TRBV6-5*01",3
"90",15619,0.00243091586234649,0.0290288173971265,15,1,1,1,14,"CAWRTAGADTQYF","TRBV30*01",3
"94",136565,0.00259276710516627,0.0303231835732434,16,1,1,1,15,"CSAREIAGGAQETQYF","TRBV20-1*01",3
"100",40266,0.00340163036146379,0.0371053729559119,21,1,1,1,20,"CASSQDPTPGNTIYF","TRBV4-1*01",3
"103",17519,0.00356332445078372,0.0381357703723053,22,1,1,1,21,"CASRDPSGNTIYF","TRBV10-2*01",3
"109",173503,0.00404824967100122,0.0410045724442939,25,1,1,1,24,"CASGMNQETQYF","TRBV6-1*01",3
"112",109006,0.00420983907592002,0.0414929796445946,26,1,1,1,25,"CSVPGGPSGNTIYF","TRBV20-1*01",3
"9",77969,2.62664053026295e-08,1.41894109848415e-06,2,1,0,2,0,"CASSHDNPDSPLHF","TRBV1-2*01",4
"15",113964,2.62664053026295e-08,1.41894109848415e-06,2,1,0,2,0,"CAISESEDSPNSPLHF","TRBV1-3*01",4
"43",43174,0.000486655586068614,0.0119858516183279,3,1,1,1,2,"CASSSYREDNSPLHF","TRBV19*01",4
"44",67131,0.000486655586068614,0.0119858516183279,3,1,1,1,2,"CASRDVLSYNSPLHF","TRBV5-1*01",4
"58",103621,0.000973074850855802,0.0167257397166854,6,1,1,1,5,"CASSRGQPNSPLHF","TRBV5-4*01",4
"61",163831,0.000973074850855802,0.0167257397166854,6,1,1,1,5,"CASRYRDNRSYNSPLHF","TRBV28*01",4
"97",106785,0.00291639098654893,0.0330848194224063,18,1,1,1,17,"CSVRLQGSNSPLHF","TRBV20-1*01",4
"17",158794,2.62664053026295e-08,1.41894109848415e-06,2,1,0,2,0,"CASSSRQYQGFDEKLFF","TRBV6-1*01",5
"34",62625,0.000324463320955617,0.00920213581831302,2,1,1,1,1,"CASTT?AANTGELFF",NA,5
"62",172779,0.000973074850855802,0.0167257397166854,6,1,2,1,5,"CASSIPFEKLFF","TRBV19*01",5
"84",195709,0.00194520487456833,0.0256596022002384,12,1,1,1,11,"CSARRGEKLFF","TRBV20-1*01",5
"96",163863,0.00275459214515612,0.0315649518670891,17,1,1,1,16,"CASSDLRDRGVTGELFF","TRBV25-1*01",5
"106",93031,0.00388663410132397,0.0400833483440041,24,1,1,1,23,"CASRWDFSTGELFF","TRBV27*01",5
"21",184281,2.62664053026295e-08,1.41894109848415e-06,2,1,0,2,0,"CASSRLPWCYKVGHVLTF","TRBV6-2*01",6
"52",161707,0.000648821593261908,0.0138877678050268,4,1,1,1,3,"CATSRTLLFPGANVLTF","TRBV15*01",6
"60",160767,0.000973074850855802,0.0167257397166854,6,1,1,1,5,"CASTWTGGASGANVLTF","TRBV10-2*01",6
"70",63554,0.00129722312766329,0.0198868493800555,8,1,1,1,7,"CASSEVGFGANVLTF","TRBV2*01",6
"83",150842,0.00194520487456833,0.0256596022002384,12,1,1,1,11,"CASSEAQVFSGANVLTF","TRBV2*01",6
"27",146394,8.51454803124709e-06,0.000357751000359934,26,1,4,2,24,"CASSLSSGLSTDTQYF",NA,7
"28",177533,6.85025269355467e-05,0.00277543833174807,73,1,3,2,71,"CASSYSGQPQHF",NA,7
"35",109557,0.000324463320955617,0.00920213581831302,2,1,1,1,1,"CASSQGGT?DTQYF",NA,7
"37",121570,0.000324463320955617,0.00920213581831302,2,1,1,1,1,"CASSLAYWADTDTQYF","TRBV5-6*01",7
"67",168151,0.0011351621097379,0.0183968246022744,7,1,1,1,6,"CASSLRFRPQHF","TRBV12-3*01",7
"77",58366,0.0017832487780862,0.0254890417068333,11,1,1,1,10,"CASSWLTTSTDTQYF","TRBV6-5*01",7
"79",96559,0.0017974651284144,0.0254890417068333,378,1,1,2,376,"CASSPGQVGQPQHF","TRBV6-7*01",7
"82",73106,0.00194520487456833,0.0256596022002384,12,1,1,1,11,"CASLGQQSTDTQYF","TRBV7-9*01",7
"95",102411,0.00275459214515612,0.0315649518670891,17,1,2,1,16,"CASSPIFSNQPQHF","TRBV28*01",7
"75",196992,0.00145925790887101,0.0217821871316434,9,1,1,1,8,"CASGLARGSERGSSSTDTQYF","TRBV12-5*01",8
